id,first_name,last_name,email,gender,ip_address
1,Ozzy,Heskin,oheskin0@aol.com,Male,216.131.76.231
2,Agosto,Spoward,aspoward1@gnu.org,Male,235.233.216.109
3,Domenic,Rentoul,drentoul2@accuweather.com,Male,114.242.11.204
4,Elene,Wimmer,ewimmer3@amazon.co.uk,Female,101.18.163.56
5,Salaidh,Wickens,swickens4@delicious.com,Polygender,252.120.119.216
6,Mohammed,Tatem,mtatem5@bloomberg.com,Male,211.50.64.132
7,Peta,Copestake,pcopestake6@tamu.edu,Female,116.29.99.172
8,Ephraim,Dingivan,edingivan7@yelp.com,Male,172.12.120.220
9,Oates,Kingsnode,okingsnode8@wikispaces.com,Male,231.214.156.72
10,Sherm,Goady,sgoady9@hc360.com,Male,208.77.220.149
11,Bartholomew,Alsina,balsinaa@skype.com,Male,12.38.217.90
12,Shem,Hartnell,shartnellb@creativecommons.org,Male,98.52.56.117
13,Felicle,Varfolomeev,fvarfolomeevc@google.nl,Polygender,221.197.190.123
14,Bent,Radsdale,bradsdaled@opera.com,Male,122.81.83.52
15,Granville,Soppett,gsoppette@microsoft.com,Male,46.77.182.74
16,Milo,Comoletti,mcomolettif@state.tx.us,Male,29.245.249.235
17,Georgianna,Champkin,gchampking@hatena.ne.jp,Female,206.26.209.31
18,Rianon,Dressel,rdresselh@github.io,Female,64.128.156.222
19,Bel,Ferrotti,bferrottii@nationalgeographic.com,Female,254.147.12.157
20,Urban,Ayliff,uayliffj@discovery.com,Male,26.146.210.86
21,Huey,Coyish,hcoyishk@xinhuanet.com,Male,2.83.228.40
22,Tracie,Norquoy,tnorquoyl@seattletimes.com,Female,168.228.90.238
23,Menard,Learmond,mlearmondm@psu.edu,Male,180.102.39.246
24,Lewie,McDonand,lmcdonandn@toplist.cz,Male,60.136.147.196
25,Clifford,Robison,crobisono@wufoo.com,Male,70.6.170.150
26,Heywood,Terzo,hterzop@cloudflare.com,Male,26.66.105.117
27,Sunny,Van Giffen,svangiffenq@tinypic.com,Male,124.64.129.119
28,Simone,Aurelius,saureliusr@admin.ch,Female,47.82.243.3
29,Neely,Inch,ninchs@wsj.com,Female,152.122.249.156
30,Tammi,Farris,tfarrist@php.net,Female,95.123.215.101
31,Keith,O'Glassane,koglassaneu@moonfruit.com,Male,186.11.164.201
32,Udell,Clappson,uclappsonv@pinterest.com,Male,234.59.102.0
33,Eugine,Lillywhite,elillywhitew@nih.gov,Female,157.194.128.183
34,Kristos,Andell,kandellx@chron.com,Male,51.226.231.140
35,Malory,Volker,mvolkery@rambler.ru,Female,216.88.196.184
36,Barbe,Aloshikin,baloshikinz@bloglines.com,Female,242.117.65.191
37,Reuven,Pick,rpick10@myspace.com,Male,175.161.173.183
38,Shelia,Fairbrass,sfairbrass11@artisteer.com,Genderfluid,224.42.222.36
39,Carree,Burchill,cburchill12@fc2.com,Female,100.186.9.101
40,Deny,Smedley,dsmedley13@chicagotribune.com,Female,53.109.148.166
41,Cheryl,Blackston,cblackston14@homestead.com,Female,250.59.1.250
42,Pippo,Malarkey,pmalarkey15@elegantthemes.com,Male,72.72.51.180
43,Roddie,Clyburn,rclyburn16@soup.io,Male,127.209.30.240
44,Georges,Auchterlony,gauchterlony17@rediff.com,Polygender,37.106.190.163
45,Rustie,Caesar,rcaesar18@npr.org,Male,163.245.246.216
46,Morley,McCard,mmccard19@rambler.ru,Male,7.217.233.196
47,Angil,Fowler,afowler1a@comcast.net,Female,19.243.135.154
48,Juan,Hopkyns,jhopkyns1b@google.co.uk,Male,88.80.137.42
49,Cale,Tugman,ctugman1c@adobe.com,Male,198.139.107.253
50,Henderson,Drinkhall,hdrinkhall1d@columbia.edu,Male,71.197.117.140
